uid,nickname,saved_at
4615997717671844186,랜다초창기유저 18,2025-08-13 23:51:40
4627593789009748340,앙공쥬귀환띠/18/x2,2025-08-13 23:51:40
4633625064240963078,그대의입술에치얼스/12,2025-08-13 23:51:40
4668400507252673493,주일아령/15,2025-08-13 23:51:40
4679421683801782537,초코에몽/13/2,2025-08-13 23:51:40
4685369061804893963,쌈닭삼춘이 18 x2,2025-08-13 23:51:40
4691520910284410326,ᴺᵃᵐᵉᵈ럭키²³,2025-08-13 23:51:40
4694128933806808636,이밤아빠 /21,2025-08-13 23:51:40
4694737865159786215,갓헤옹/18,2025-08-13 23:51:40
4719437972059041441,드갈까/9렙,2025-08-13 23:51:40
4722583386774586573,PCACRAZY/1/1배속/배치숙지,2025-08-13 23:51:40
4729960530954053238,ᴱᵛᵉʳ김도둑²² /2배,2025-08-13 23:51:40
4739923315608612539,ダーツ/10,2025-08-13 23:51:40
4741423727014138499,초록넙치/15/x,2025-08-13 23:51:40
4752031397612286166,탱글탱글퍼리즈너/10/×1,2025-08-13 23:51:40
4769254751759616057,서폿왔어요/12/배속o,2025-08-13 23:51:40
4775364807877286780,애기공듀 13 x,2025-08-13 23:51:40
4784011642038584050,큰푸/14/x1,2025-08-13 23:51:40
4786280044372218956,흰수염/22/상배,2025-08-13 23:51:40
4788893389782527180,버스좀탈게여/11,2025-08-13 23:51:40
4792854184478870504,로이체 16,2025-08-13 23:51:40
4800384268621235429,alurt/13/2배,2025-08-13 23:51:40
4800391695364709808,해운대미포/14,2025-08-13 23:51:40
4804145069861597031,옥로하/14렙,2025-08-13 23:51:40
4807054867033206290,집가자아/14/배속x,2025-08-13 23:51:40
4808839052750754410,천사쫑호/19/x2,2025-08-13 23:51:40
4811550625431348979,Noʌɐ⁴ LOVE/23,2025-08-13 23:51:40
4814103467252442605,🎖️ 07gaming/20,2025-08-13 23:51:40
4825073333241373917,하이베로/17/배속o,2025-08-13 23:51:40
4828764074268167902,Ebbeum/18/배속x,2025-08-13 23:51:40
4845108076768682919,랜다보다 꿀잼ㅋ 15 X,2025-08-13 23:51:40
4862610494678284397,운이죻아/14/x2,2025-08-13 23:51:40
4869805877450686030,고양이의절대자레오/17/,2025-08-13 23:51:40
4883965579399033716,🎖️용이²³,2025-08-13 23:51:40
4919919061906001917,링링딩딩동동,2025-08-13 23:51:40
4937284103874298923,개똥소똥말똥새똥이/15,2025-08-13 23:51:40
4938739545542443215,쿠다사이/14레벨,2025-08-13 23:51:40
4939591522681225008,DLOJ(5)배속❌,2025-08-13 23:51:40
4985490878507754901,운빨그z겜/11,2025-08-13 23:51:40
4987593634932925452,주니파덜/21,2025-08-13 23:51:40
5009060295653290873,ᴺᵃᵐᵉᵈ칼리²³,2025-08-13 23:51:40
5010454312254823682,무뎅/17/배속ㅇ,2025-08-13 23:51:40
5011782327272460819,준배짱 19 X,2025-08-13 23:51:40
5039436773268369274,은평구똥개감자/18,2025-08-13 23:51:40
5040100177963761286,럭키라고말해/11,2025-08-13 23:51:40
5043901029401592817,Vex/16배속,2025-08-13 23:51:40
5044499172619117275,🏴‍☠️쾅뿡𝕍17⭕️³,2025-08-13 23:51:40
5060146893587496800,깝무 / 20,2025-08-13 23:51:40
5062261934824851415,그 녀 / 16,2025-08-13 23:51:40
5066955515976326604,𝑵𝒘1_onyx/12,2025-08-13 23:51:40
5072621971046244432,MC환도/18/배속❌️,2025-08-13 23:51:40
5073781087268138814,음벰바/8,2025-08-13 23:51:40
5076791033270693548,Ilove0313/10/x1,2025-08-13 23:51:40
5077581708862258643,한재범동헌/10,2025-08-13 23:51:40
5079275520367213893,✨묘화랑/20/2배속,2025-08-13 23:51:40
5094834118762871907,외눈박이마이크/14/1,2025-08-13 23:51:40
5111102429838458333,🎇깡후니/21/🚀,2025-08-13 23:51:40
5138619788877661837,뭉먕5/3레벨/1배속,2025-08-13 23:51:40
5149011795524584579,꼬마아들/14,2025-08-13 23:51:40
5151994245216970715,데헷0000/14/2배,2025-08-13 23:51:40
5157537944236454759,와트전공.19.❌,2025-08-13 23:51:40
5179674739603471654,리짜이밍2/12렙,2025-08-13 23:51:40
5191076988911627119,곧츄조타 / 10,2025-08-13 23:51:40
5214296642251971082,아니망했다/12/x1,2025-08-13 23:51:40
5223712334196069347,데헷0000/11,2025-08-13 23:51:40
5228811085877164210,김지민사랑한다/13,2025-08-13 23:51:40
5249552359564048963,늑대혁이 /18/ 2배o,2025-08-13 23:51:40
5254896463314157961,oㅏoㅏㅇㅏ/13/❌,2025-08-13 23:51:40
5258554370796367490,야굥/20금머76/2배0,2025-08-13 23:51:40
5269070934910686530,MY파자/17,2025-08-13 23:51:40
5275289929082879462,우자뿡뿡/19/x2,2025-08-13 23:51:40
5282154787173475391,형향/15/x2,2025-08-13 23:51:40
5286087366191620959,미국응디523/11,2025-08-13 23:51:40
5289965375650882296,jacegon/14,2025-08-13 23:51:40
5295708288510950773,chxn/17 배속 O,2025-08-13 23:51:40
5301650010181689987,월령⁹Zer0/17,2025-08-13 23:51:40
5303027080471163172,윤갓/19,2025-08-13 23:51:40
5305916015508916311,SHINDO/12,2025-08-13 23:51:40
5311498544342245083,곰혜야/8/×2,2025-08-13 23:51:40
5316460752571392766,와일노이게임/17/배속,2025-08-13 23:51:40
5318574878768192395,누런곰팡이/10,2025-08-13 23:51:40
5329440891711029938,아리치가토/18/배속x,2025-08-13 23:51:40
5345064789631795155,ᴺᵃᵐᵉᵈ일편²⁴,2025-08-13 23:51:40
5347665731500468772,엄준식쌈뽕하내/13,2025-08-13 23:51:40
5354014331160376611,Roses/16,2025-08-13 23:51:40
5362973733674230404,ᶠᴵᴳᴴᵀ텐구/18/x1⁶⁷⁶,2025-08-13 23:51:40
5370753704092200756,도맘입니다/13,2025-08-13 23:51:40
5371093158164639765,멋쩍은 튜브,2025-08-13 23:51:40
5371445776533153294,혐질망겜/14,2025-08-13 23:51:40
5383261071584730593,따잇현/13,2025-08-13 23:51:40
5391865438420322340,현규킹/16/2,2025-08-13 23:51:40
5392103236582284227,🎖ᴇᴍᴏ비비 / 20 / ×2,2025-08-13 23:51:40
5408227758359474407,다변수벡터함수정칙성/14,2025-08-13 23:51:40
5410462999869134933,기여운서하/17/2배,2025-08-13 23:51:40
5411491751857541635,민하앙 / 19,2025-08-13 23:51:40
5412338208694709414,전똥/15,2025-08-13 23:51:40
5415354234817950025,차든우/5,2025-08-13 23:51:40
5421648562352079939,이유동/15/X,2025-08-13 23:51:40
5427149407704429817,보안관을좋아하는사람/12,2025-08-13 23:51:40
5452107123556696748,로켓츄만뽑아염/9/1,2025-08-13 23:51:40
5463072818599434166,트루드/16,2025-08-13 23:51:40
5465427383293678688,도르맘/15,2025-08-13 23:51:40
5477043834914267780,engarde11/20,2025-08-13 23:51:40
5488461755207187904,이거왜케많이바뀜/6,2025-08-13 23:51:40
5508793529476572186,킹다x/18,2025-08-13 23:51:40
5511688582387940009,레이클럽/15/1,2025-08-13 23:51:40
5512368798516290031,ㅔㅣ릿/11/×,2025-08-13 23:51:40
5523969279565742854,헌터팡팡이 /10/2,2025-08-13 23:51:40
5527872860713683596,운딩/21,2025-08-13 23:51:40
5534517389021460661,닉리앙ㅇ/13,2025-08-13 23:51:40
5541483917187854970,무전취식/10,2025-08-13 23:51:40
5572759697400045792,광탈아잉/15,2025-08-13 23:51:40
5574411887142537351,🎖️정민ㅋ /20 / x2,2025-08-13 23:51:40
5579522724576230849,포카모카/17/1/배치숙지,2025-08-13 23:51:40
5587709309211491613,운빨헤일리 15렙,2025-08-13 23:51:40
5609510024962061060,이지러지는달/15,2025-08-13 23:51:40
5617362526040923817,ᴺᵃᵐᵉᵈ곰²²,2025-08-13 23:51:40
5623549459162498721,은빛주사위/17렙,2025-08-13 23:51:40
5629767531248492299,jonmnggam/24/12렙,2025-08-13 23:51:40
5634150301320759465,크크크캬캬캬/12,2025-08-13 23:51:40
5634160442454567790,𝙂𝙈솟툇촛28462세/8렙/배속×,2025-08-13 23:51:40
5636199916573358719,남잉ㅋ/11/2,2025-08-13 23:51:40
5638237420614036395,ºᑭᗩᑭᗩº도도 / 22 / X,2025-08-13 23:51:40
5660527039154479554,요를레이이/12,2025-08-13 23:51:40
5665688639811736948,타노스반갈죽/15/2x,2025-08-13 23:51:40
5671806004469584102,띵호와/14,2025-08-13 23:51:40
5675875740948633512,키티리보 / 15 / 2배,2025-08-13 23:51:40
5690955792692582205,포티/19,2025-08-13 23:51:40
5702927839290453684,임뿡뿡,2025-08-13 23:51:40
5706215864313369810,수정짱/17/2배,2025-08-13 23:51:40
5729382533422037015,無유저/16/속(x),2025-08-13 23:51:40
5730667272134134921,딜러9/12/2배속보유,2025-08-13 23:51:40
5735018473477080029,노태우의아들노무현/4랩,2025-08-13 23:51:40
5739349066480561594,봉구쯔밥버거/10/×2,2025-08-13 23:51:40
5741528163730181234,성도르/13,2025-08-13 23:51:40
5744128083146581911,ejejsj/13,2025-08-13 23:51:40
5752700647609912013,잔화타도/3/1,2025-08-13 23:51:40
5754280970613549477,ᴺᵃᵐᵉᵈY²³,2025-08-13 23:51:40
5761259219543843590,범단/19/2배/676,2025-08-13 23:51:40
5787302002265366100,🎖️기인이사¹⁸,2025-08-13 23:51:40
5794556570422411250,월루지민 / 18,2025-08-13 23:51:40
5799414211279704186,운빨루카스파더/16/1X,2025-08-13 23:51:40
5830044723200926950,피스메이커 프로도,2025-08-13 23:51:40
5833023757866345973,순야/16,2025-08-13 23:51:40
5835481480184864046,놀랜가슴진정이안된다 / 15,2025-08-13 23:51:40
5839537582697475587,솛댉촔/7,2025-08-13 23:51:40
5840975206253652669,ˢᵖⁱⁿ실뚜/20,2025-08-13 23:51:40
5848058322857111850,주은뷰디/10,2025-08-13 23:51:40
5848375763786798212,뚜기배불/14,2025-08-13 23:51:40
5849860212140047665,아들따라입문/14/2배,2025-08-13 23:51:40
5853782703336214812,스완이드앙/16/2배o,2025-08-13 23:51:40
5857811308857996373,백호²⁴ ⏩️,2025-08-13 23:51:40
5870667704315461687,마이뚜/14,2025-08-13 23:51:40
5889319881500312636,또익이 / 13,2025-08-13 23:51:40
5889426317519127948,Chaedachiz/15/x2,2025-08-13 23:51:40
5889515562553158213,코기라/16배속x,2025-08-13 23:51:40
5890721154196007775,報導렙개구리/8/X,2025-08-13 23:51:40
5891438668311016227,ᴬᴵᴿᴵᴷᴬᴺᴺᴬ/13렙,2025-08-13 23:51:40
5892801858462088451,이현건짱/15,2025-08-13 23:51:40
5895321629316850673,엉 진/24/ 2배,2025-08-13 23:51:40
5915086568389179486,다계약한다/17/x2,2025-08-13 23:51:40
5933866094728291251,GD11/12,2025-08-13 23:51:40
5952370845189607080,할거없자/15/2배,2025-08-13 23:51:40
5955240537274079733,오픈채팅봇,2025-08-13 23:51:40
5961343541918899032,nyaaaa 14 2x,2025-08-13 23:51:40
5981303682242849844,비누s/18/x2,2025-08-13 23:51:40
5984171822798678178,ˢᵖⁱⁿ대성/23/2기,2025-08-13 23:51:40
5986838642222558483,금융법인/16,2025-08-13 23:51:40
5988910414866992433,에버Green/14/2배,2025-08-13 23:51:40
5996924466826702011,간지휘트니스/16,2025-08-13 23:51:40
6003197165422548956,프랑코꼬렐리/12,2025-08-13 23:51:40
6007477404570406090,pǐñ/11,2025-08-13 23:51:40
6026854086276927786,가르릉거르릉/16/x2,2025-08-13 23:51:40
6035743013831320851,하램/14/434,2025-08-13 23:51:40
6039794075770574780,아니제발요/13,2025-08-13 23:51:40
6046830381501128534,ND운빨겜/14,2025-08-13 23:51:40
6060640836264396480,뇌절노인/17,2025-08-13 23:51:40
6062815461826883228,ᴺᵃᵐᵉᵈ은우ఌ끼리²³,2025-08-13 23:51:40
6074570135528548463,나는호두아빠 16⏩️,2025-08-13 23:51:40
6077333669215750892,전깡이/17/2배,2025-08-13 23:51:40
6078059569731150417,다크초코티/15,2025-08-13 23:51:40
6092001359991980631,오징엉덩/13/❌,2025-08-13 23:51:40
6094121847280343414,누너너마/6렙/배속x,2025-08-13 23:51:40
6095020773350676014,다맥/15/x2,2025-08-13 23:51:40
6099512268726399056,WVWWV/12,2025-08-13 23:51:40
6113252636886737281,나는윤주호돼지/13,2025-08-13 23:51:40
6131736689109177515,luckmac/10/1배,2025-08-13 23:51:40
6132030348808274892,유현이오빠/14,2025-08-13 23:51:40
6136133093186315291,ㄱㄴㄷ슥/14,2025-08-13 23:51:40
6141463054381037217,ladodgers/17/배속,2025-08-13 23:51:40
6147790984361509361,케이엠 16 x2,2025-08-13 23:51:40
6154353706861425023,ANNUUCEH/14/X,2025-08-13 23:51:40
6181413977939045271,0나는도비0 / 10,2025-08-13 23:51:40
6205493369523517689,처옴입니다/2,2025-08-13 23:51:40
6215284004658463553,user_01AF4/18렙/2배x,2025-08-13 23:51:40
6222211235023888657,우히히히힣ㅎ/15/×,2025-08-13 23:51:40
6225301504581032298,OST안/19/2배0,2025-08-13 23:51:40
6226224139442565316,프라임겅지가돌아온다 12렙,2025-08-13 23:51:40
6255768188934862787,신화/18/x2,2025-08-13 23:51:40
6271809912936385954,궁대이시티/10/하드73,2025-08-13 23:51:40
6288741533865807455,kk2592011/7/배속x,2025-08-13 23:51:40
6296739594122045451,낚게이/17⁵⁵⁵,2025-08-13 23:51:40
6303893694878993781,카드한도없음/15/2배 ○,2025-08-13 23:51:40
6316689048543139960,알파메일이서준이다/16,2025-08-13 23:51:40
6327044967129647423,망캐인듯/18/2배○,2025-08-13 23:51:40
6329007726251132488,1junhx/9,2025-08-13 23:51:40
6331460303530627253,아기곤룍12렙×2,2025-08-13 23:51:40
6332348404606089447,ㅂㄹㅁㄱㅌㅍ / 12,2025-08-13 23:51:40
6339794144755813879,집에가고싶다ㅏㅏㅏㅏ/16,2025-08-13 23:51:40
6344359763592705098,ᴹᴵᴺᴰ깨굴/20/2배,2025-08-13 23:51:40
6360090571811341093,믿이시즌2 / 23 / 배속O,2025-08-13 23:51:40
6363190393772297593,응덩이종기동기/12/×2,2025-08-13 23:51:40
6367707685385129901,슈렍인데요/12/x,2025-08-13 23:51:40
6379054735081397118,[𝐙] 콩의검²⁰/2배,2025-08-13 23:51:40
6399792634496389463,Giantss/15,2025-08-13 23:51:40
6401435601665997720,잉톨 / 15 x2,2025-08-13 23:51:40
6403008167446578705,불나게 일하는 네오,2025-08-13 23:51:40
6417125034726098972,게이티엑스/17/2배,2025-08-13 23:51:40
6467281775373016912,ᶠᴵᴳᴴᵀ아클푸루¹⁷/❌,2025-08-13 23:51:40
6472146788942126584,쿠쿠루루릉/16,2025-08-13 23:51:40
6472341998830863724,진짜나타났다/13,2025-08-13 23:51:40
6476851446915701794,홈런맞은배트맨¹⁵,2025-08-13 23:51:40
6478871950922229009,DKss / 18,2025-08-13 23:51:40
6511584475744471048,740404 13 배속o,2025-08-13 23:51:40
6527598510013241943,ᴺᵃᵐᵉᵈ쿤²³,2025-08-13 23:51:40
6530460550820243409,민둥민석 / 11,2025-08-13 23:51:40
6530940984919426811,ʀᴏᴜɴᴅ한별 22  [가입문의],2025-08-13 23:51:40
6536855800765265553,고먐미키우고싶다 / 10,2025-08-13 23:51:40
6537434179187883063,Sonfie 6,2025-08-13 23:51:40
6544969322351611389,MCDG/20/x1,2025-08-13 23:51:40
6545225134842968527,앙아아영 10,2025-08-13 23:51:40
6550580692026094143,쎅시승원/13레벨/2배속 있,2025-08-13 23:51:40
6575610675921235774,연구름/17,2025-08-13 23:51:40
6577895831685865929,요절요정 10랩 X,2025-08-13 23:51:40
6578083023672539820,지율지아22⏩️,2025-08-13 23:51:40
6579458555546002373,hoya/21/x2,2025-08-13 23:51:40
6585343721996415233,닉변할게요잠시만추방/10렙,2025-08-13 23:51:40
6586937974302776059,삼일월차기/1렙/노배속,2025-08-13 23:51:40
6592461211942110816,던전얜파이터/13/2배/배치숙지,2025-08-13 23:51:40
6598454008354193698,한끼양파/14,2025-08-13 23:51:40
6607511635292255391,이어폰줄꼬인사람/6,2025-08-13 23:51:40
6609389975517267639,희성나이스/8,2025-08-13 23:51:40
6611503554074305026,쿠쿠니크 14,2025-08-13 23:51:40
6620016533808154659,suksak/18/×2,2025-08-13 23:51:40
6622222405020400287,프라하압생트/13/×,2025-08-13 23:51:40
6648604879461187863,개구르구르/18/2배,2025-08-13 23:51:40
6651260348629865921,영국인펭귄/10,2025-08-13 23:51:40
6654392054515469848,Hmsgms/14,2025-08-13 23:51:40
6683428148793880046,🎖️열정³⁰⁰/23,2025-08-13 23:51:40
6695669616901178233,이름9/11렙,2025-08-13 23:51:40
6716608124578123767,째키비디/17/배속×,2025-08-13 23:51:40
6719785654516334089,[Łº¹]재혁¹⁸ ⭕️³ 2거형바부,2025-08-13 23:51:40
6739396863009727647,Jhpa0428/14/x2,2025-08-13 23:51:40
6745462137738821698,hantoll/13/2배,2025-08-13 23:51:40
6746411167856306979,Tempast/15,2025-08-13 23:51:40
6748685086660195347,Mㅡ베르스타펜/9,2025-08-13 23:51:40
6753009692301349655,ttyj/13,2025-08-13 23:51:40
6758161680194869163,피리부는4나2/15,2025-08-13 23:51:40
6758957524716413635,아아아아2/13,2025-08-13 23:51:40
6759859126333219579,네 ㅊ/12,2025-08-13 23:51:40
6783155055272801149,총하나/20,2025-08-13 23:51:40
6785162282775674802,운빨지졶깸 / 16,2025-08-13 23:51:40
6795806944982642236,일반전문가/14,2025-08-13 23:51:40
6811683310534822612,빡스테잎깻잎/15/2배,2025-08-13 23:51:40
6817170678654780192,금천리돌격대장 / 18 / x2,2025-08-13 23:51:40
6834535932984837925,이국주워터밤/12,2025-08-13 23:51:40
6852530873068957200,14강와일드펑크 / 13,2025-08-13 23:51:40
6858088555115474178,고툭튀/18/2배,2025-08-13 23:51:40
6860427540352543489,🎖️ᴺᵃᵐᵉᵈ서팔광²⁴,2025-08-13 23:51:40
6860708134632396579,후다임/16/X2,2025-08-13 23:51:40
6864488829798502038,윤상혐똥/14,2025-08-13 23:51:40
6866478055808277083,Up비트,2025-08-13 23:51:40
6866660840764703590,제로고/15,2025-08-13 23:51:40
6867586885149949045,럭키병연/15렙,2025-08-13 23:51:40
6868190804600485446,사리장엄/12/1×,2025-08-13 23:51:40
6869526258721570521,찌호떡 8,2025-08-13 23:51:40
6869527129151545289,낭만나니/17,2025-08-13 23:51:40
6870811998195682158,다1노/14/x2,2025-08-13 23:51:40
6876157435837403063,하오리고기/9,2025-08-13 23:51:40
6880635505956061067,HUUG지컬똥/20/▶️,2025-08-13 23:51:40
6882898360869486369,몸에좋은 고구마/14,2025-08-13 23:51:40
6893318466079664590,운빨잣많겜1/15,2025-08-13 23:51:40
6898265646992973390,12렙 / wmg,2025-08-13 23:51:40
6907965218421226474,문현비니/12,2025-08-13 23:51:40
6918286213877063606,랔운 / 15 / ⏩️,2025-08-13 23:51:40
6928234819150988480,25687 14렙,2025-08-13 23:51:40
6930152445299979282,맘스터치케첩진상/14/배속없어요,2025-08-13 23:51:40
6932051390699879850,백마딴왕자/16/2x,2025-08-13 23:51:40
6934363744953514890,새우 / 19 /x2,2025-08-13 23:51:40
6938542267314251604,창주똥쟁이/16/2배,2025-08-13 23:51:40
6942299283385332315,꼬우면현질고 18,2025-08-13 23:51:40
6950502365301773661,호호하하히히잼잼/19/배속x,2025-08-13 23:51:40
6973371336811620966,동그라미삼각김밥/13,2025-08-13 23:51:40
6974628899812272019,해비니지롱/13/x1,2025-08-13 23:51:40
6976790581314468819,오함마식개구리/17/2,2025-08-13 23:51:40
6983829702988015966,재동도리/10,2025-08-13 23:51:40
7002010422082042035,✨𝐎𝐬𝐭우동이/𝟚𝟚/ᵐᵃˣ,2025-08-13 23:51:40
7016182757191101457,ᴺᵃᵐᵉᵈ끼리ఌ은우²³,2025-08-13 23:51:40
7016570030706087153,푸헬헬헬헬/11,2025-08-13 23:51:40
7022910333555015004,이준아파파/14,2025-08-13 23:51:40
7028839884764268568,ƒ 동누²⁴ /¹¹₁₁,2025-08-13 23:51:40
7044199407872896329,한또또 / 12,2025-08-13 23:51:40
7046000625443332964,레이ϟ/16/x2,2025-08-13 23:51:40
7052590138844323283,운빤존1만겐/15/o,2025-08-13 23:51:40
7054435608466622519,얼빵빵이/ 12,2025-08-13 23:51:40
7063685274089926749,호랑호랑호랑호/14/노배속,2025-08-13 23:51:40
7069625652323699650,헤일리우치쿤/16/2배,2025-08-13 23:51:40
7069883603435436701,우주최강/4,2025-08-13 23:51:40
7079553043911711739,5생 / 12 / 2배,2025-08-13 23:51:40
7080836964090214582,곁에있을래요/16,2025-08-13 23:51:40
7095447594003751722,식빵빵/6레벨/×,2025-08-13 23:51:40
7095789875218312824,이실없/16,2025-08-13 23:51:40
7103773987714348894,너무사랑해김지안/10/x,2025-08-13 23:51:40
7110473234561589361,코코코넛밀크/12/³³³,2025-08-13 23:51:40
7131138645495056172,HoneyMoon/18/2배,2025-08-13 23:51:40
7135462366057792999,말랑한돌맹구/16/2배,2025-08-13 23:51:40
7143763175108318460,짱구1111/14/배속x,2025-08-13 23:51:40
7146909495832303212,돈다발 들고 좋아하는 무지,2025-08-13 23:51:40
7148047861780253419,개구리이빨깐다/12/배속x,2025-08-13 23:51:40
7149673224879363854,굿데이²/2,2025-08-13 23:51:40
7154594750340286751,ㅣ            ㅣ/18/⏪️,2025-08-13 23:51:40
7156508326978338231,쿻햔/14,2025-08-13 23:51:40
7171926917683548685,제몽이닷/16,2025-08-13 23:51:40
7177253401830518719,장구머리/13,2025-08-13 23:51:40
7209490145374161323,동래 불주먹,2025-08-13 23:51:40
7213100665169372165,머노폴리/12/배속 없음,2025-08-13 23:51:40
7222615168050066747,민다린/13,2025-08-13 23:51:40
7238505998955165394,12렙 빙찐,2025-08-13 23:51:40
7241593542338935858,다리미야옹 16 x2,2025-08-13 23:51:40
7245581165597316676,seyoon[14랩]/배속ㄴㄴ,2025-08-13 23:51:40
7245799805516488182,ᴱᵛᵉʳ악동²⁴⏩️,2025-08-13 23:51:40
7254804029828568531,꽁기깅꽁 / 19 / 2x,2025-08-13 23:51:40
7262324544270514714,ᴺᵃᵐᵉᵈ꾼²²,2025-08-13 23:51:40
7272028594237958064,오픈합니다/11,2025-08-13 23:51:40
7272162032866209972,❄Three_꺄비/19 X,2025-08-13 23:51:40
7274284578937010655,홍솔람1세/13,2025-08-13 23:51:40
7275411951766715887,누냐먼ㅍ텨탬/10,2025-08-13 23:51:40
7282477333176977945,노다무의지/15/2배x,2025-08-13 23:51:40
7284348049642059854,gunhee10/8렙,2025-08-13 23:51:40
7297904225102854270,🏛ᴛʀᴏʏ히도이²³,2025-08-13 23:51:40
7299137140805992759,교내/16/2배,2025-08-13 23:51:40
7303012456797751410,튀김우돗/14/X,2025-08-13 23:51:40
7303116459256018094,꾸달 / 17,2025-08-13 23:51:40
7306025644456707473,🏴‍☠️순백𝕍16❌️³,2025-08-13 23:51:40
7307247360510498115,와트와트와트/9,2025-08-13 23:51:40
7313008665401760691,팍양양/23,2025-08-13 23:51:40
7317697827041878367,민하핥 13,2025-08-13 23:51:40
7327084237354734652,유우우우우지이이인/13/x1,2025-08-13 23:51:40
7336809982837941084,망고씨랜드/14/x,2025-08-13 23:51:40
7342509651326346903,복귀유저3일차/14/2배X,2025-08-13 23:51:40
7345662368159870089,정워니네/15/배속X,2025-08-13 23:51:40
7372708740803255468,빵밤이123/브론즈,2025-08-13 23:51:40
7380705598381751259,훈이ㅈ망겜/12/2배,2025-08-13 23:51:40
7385590009157983726,남두기/9,2025-08-13 23:51:40
7390380697571368505,🎖️서초동주민/21/2배,2025-08-13 23:51:40
7406139096051913099,wow0472 / 14 / x,2025-08-13 23:51:40
7410125657427775277,빠따 좋아좋아 /14,2025-08-13 23:51:40
7436213722278107300,간장튀김새우/8,2025-08-13 23:51:40
7436437378317775520,반숙계란찜/17렙,2025-08-13 23:51:40
7438448237155190765,슈퍼미러볼/12,2025-08-13 23:51:40
7439421414692328299,Rᴏᴍᴀ누구새우/ 18/2,2025-08-13 23:51:40
7451236652489092581,정의/24/x2_USA,2025-08-13 23:51:40
7454322546305146265,아느로아우/3,2025-08-13 23:51:40
7456566601209854055,모찌팝/15 배속o,2025-08-13 23:51:40
7458185728946596867,윤이쭌이/20/2배,2025-08-13 23:51:40
7464871817538383059,맛있는김치찜 / 15 / 2배,2025-08-13 23:51:40
7478272502589654184,seung9/20,2025-08-13 23:51:40
7481366203554906962,ᴺᵃᵐᵉᵈ짜장,2025-08-13 23:51:40
7481492740739290528,운빨좋되는놈/13,2025-08-13 23:51:40
7482350145183397954,깨룸 / 19 / x2,2025-08-13 23:51:40
7482425600209555250,매드스트라이커/10,2025-08-13 23:51:40
7485829773426182066,블롭뱃살불룩/10렙,2025-08-13 23:51:40
7494212385497057797,민우123/11,2025-08-13 23:51:40
7500684701007619336,usad/7레벨/하드0,2025-08-13 23:51:40
7504038087860535114,권규니 11,2025-08-13 23:51:40
7513524219925823145,엊절존많겜/13,2025-08-13 23:51:40
7519325132074077709,경례하는 프로도,2025-08-13 23:51:40
7530488147669551698,바보많겜/16,2025-08-13 23:51:40
7531278778311220044,3대뻥카쟁이/16,2025-08-13 23:51:40
7554125379452564156,ᴺᵃᵐᵉᵈ라후²⁴,2025-08-13 23:51:40
7571648699717188043,Roma용팔/17/2배,2025-08-13 23:51:40
7581467542947439041,그래이맛이야/16/배속ㅇ,2025-08-13 23:51:40
7604702548334300014,밍바다 / 16 / 2X,2025-08-13 23:51:40
7605746948215768013,강하다강해륀/ 16,2025-08-13 23:51:40
7608947428697604581,유멜로/16/2배,2025-08-13 23:51:40
7614558420097778462,결국재명된이재명/10,2025-08-13 23:51:40
7617510882672517179,🎖️스턴없으면잠수/22,2025-08-13 23:51:40
7621755395593679765,DRAGON¹/3,2025-08-13 23:51:40
7641596744841757220,🎖️밥푸는녀석들/22/10109,2025-08-13 23:51:40
7642506828518020754,헤일리콥터/11,2025-08-13 23:51:40
7649577052224494355,윤활유님 / 11,2025-08-13 23:51:40
7656725500970247090,별쏘다/17,2025-08-13 23:51:40
7658862179807783607,재해의왕/13,2025-08-13 23:51:40
7662305733872749797,🎖️ ᴺᵃᵐᵉᵈ짬뽕²²,2025-08-13 23:51:40
7666014899447744849,톳테누릴리리/4/1,2025-08-13 23:51:40
7666223502421780406,양송이1234/11/1배,2025-08-13 23:51:40
7734718350598763712,입시망겜/11,2025-08-13 23:51:40
7746682517198123177,사대탈모/16/배속×,2025-08-13 23:51:40
7748544390989166893,ㅅㅋㅇ/15,2025-08-13 23:51:40
7753088512070418403,지이라아알까기 12 배속,2025-08-13 23:51:40
7758984245089530481,닥스팟/23/x2,2025-08-13 23:51:40
7765150695251427297,애움/12,2025-08-13 23:51:40
7767162560715077793,ᴺᵃᵐᵉᵈ성다빈²⁴,2025-08-13 23:51:40
7771356447133975750,쥐쥑/14/1배(스턴위치알고있어요),2025-08-13 23:51:40
7773122154676037537,아우오엋/11,2025-08-13 23:51:40
7806637165991578457,불구리원툴/11랩/2배속,2025-08-13 23:51:40
7819345359580486431,뫈냐도르/12/두배있음,2025-08-13 23:51:40
7826727653459741752,울산중구태화동 / 13,2025-08-13 23:51:40
7827349256520823352,řè자탄이/16/×,2025-08-13 23:51:40
7827622722801310830,가즈아아앙아앙아야양/17,2025-08-13 23:51:40
7833784374267098311,메가파이리/13,2025-08-13 23:51:40
7841834786797276757,밤바사랑걸(10렙) 배속 없음,2025-08-13 23:51:40
7850710283633673140,연우/17/2배O,2025-08-13 23:51:40
7860082194610299386,칵테일사랑/ 16 / x2 배속,2025-08-13 23:51:40
7864938332393470903,물티슈크림/16,2025-08-13 23:51:40
7873233470718397502,이타니훈련병/20/2배,2025-08-13 23:51:40
7875622799437402488,바지락칼국수/13/x1,2025-08-13 23:51:40
7890910245736592582,현우는몇살/10,2025-08-13 23:51:40
7892926138618894980,치킨이불/14렙,2025-08-13 23:51:40
7898065190755454123,메놈/14/x2,2025-08-13 23:51:40
7913198971672618233,둥이둥이/13,2025-08-13 23:51:40
7930188588539018875,나초칸초나/14,2025-08-13 23:51:40
7933800403622565648,dadada123/11,2025-08-13 23:51:40
7934539556533300219,와트センセ 17렙,2025-08-13 23:51:40
7940335385717185628,back홈 /15,2025-08-13 23:51:40
7950034562583443050,부릉부릉꾸 / 16 / 2배O,2025-08-13 23:51:40
7959952212171092781,사무라이닌자다/5,2025-08-13 23:51:40
7960315203520014588,니얼굴타죠/4렙/배속x,2025-08-13 23:51:40
7960877387650878385,아름답고미운새임/12/배속 ○,2025-08-13 23:51:40
7966359909444874653,학살즐겜러/17렙,2025-08-13 23:51:40
7980525697502855631,[𝑿]🌀🔥❄테오²²/[총괄관리],2025-08-13 23:51:40
7996501675556926328,리얼버스/17,2025-08-13 23:51:40
7997662063634411781,헤헤헿일리 12렙,2025-08-13 23:51:40
8000052619107136625,에드우두/12,2025-08-13 23:51:40
8001375691790387979,Dºzzi/20/배속o,2025-08-13 23:51:40
8007480241979615167,ᴱᵛᵉʳ빠따²⁴,2025-08-13 23:51:40
8008744414182527902,잔개르크/10렙,2025-08-13 23:51:40
8046992831320302623,ᴺᵃᵐᵉᵈ하늘²⁰,2025-08-13 23:51:40
8064915324419974472,시크릿쮸쮸바지 9,2025-08-13 23:51:40
8067206332360352356,친구안녕/12/2배있음,2025-08-13 23:51:40
8086133263437211817,사마휘/17/x2,2025-08-13 23:51:40
8086555410895202461,ᴋʀ박스안고양이/20/76/배속ㅇ,2025-08-13 23:51:40
8088135931049225572,꼬와도무과금 12,2025-08-13 23:51:40
8089496009318976316,하일구/11,2025-08-13 23:51:40
8096244539066357039,현서파워 15,2025-08-13 23:51:40
8099479631378830236,미래핑²¹,2025-08-13 23:51:40
8102902122917287379,맛탱이쪽간다 17,2025-08-13 23:51:40
8112535007205696858,현쟈임/14/2X,2025-08-13 23:51:40
8116747022972913805,G건/18/x2,2025-08-13 23:51:40
8117103786267092851,콱두칠/19/x2,2025-08-13 23:51:40
8125256261121080394,타리토라/10,2025-08-13 23:51:40
8125559583778288080,다영이바라기/17,2025-08-13 23:51:40
8136994353777944058,따거0/13/2배속,2025-08-13 23:51:40
8152347911391041098,surxm/10/⏩️,2025-08-13 23:51:40
8166665679822733207,혁도공주/14렙/2배,2025-08-13 23:51:40
8187384907376234744,근전/16/X,2025-08-13 23:51:40
8188388490832291312,아기숩니/17/ 배속x,2025-08-13 23:51:40
8188946279872472355,아크/20,2025-08-13 23:51:40
8190872521808957462,커즈와일 / 17 / x,2025-08-13 23:51:40
8191525863921409247,Love킹다/9,2025-08-13 23:51:40
8192481588322828282,에블도/13/2배o,2025-08-13 23:51:40
8204497545379338466,아랏다고/14,2025-08-13 23:51:40
8213726555322623627,🎖️ᴛʀᴏʏ뚱이❤️/23,2025-08-13 23:51:40
8217256709698805367,🌀One_HoneyBunny/21,2025-08-13 23:51:40
8217501709939374414,경례하는 프로도,2025-08-13 23:51:40
8220412507945292470,ᴺᵛ진돌/15/2배,2025-08-13 23:51:40
8227179070582415057,ALGD/16/1배,2025-08-13 23:51:40
8240182164493087625,ㅣㅣl / 12 / x,2025-08-13 23:51:40
8244550069946398695,문재앙입니다/10/배속없어요,2025-08-13 23:51:40
8244797329785793467,포병여단77/ 10,2025-08-13 23:51:40
8248243607867741630,응애인데(닉변 노른자이)/13/x2,2025-08-13 23:51:40
8258763414057165777,ᴺᵃᵐᵉᵈ양가²⁵,2025-08-13 23:51:40
8268795576775517373,김동농짱/9,2025-08-13 23:51:40
8273865884378711925,🎖️돌돌이봉봉 19 배속ㅇ,2025-08-13 23:51:40
8274734952978697430,로켓단핵펀치푸틴/12,2025-08-13 23:51:40
8286050745092789832,프린세ㅔ스/6렙,2025-08-13 23:51:40
8291021671790385618,Ost버프/20/2배,2025-08-13 23:51:40
8292242587133124563,도박풀성공기원 20 2배 77,2025-08-13 23:51:40
8296253870169640620,Suisicde/15/배속 o,2025-08-13 23:51:40
8317585582643572001,705노불화/17/2배,2025-08-13 23:51:40
8325236968643536359,peter08/11/배속X,2025-08-13 23:51:40
8347363468103313450,뼈맞앗다잠만 16 x2,2025-08-13 23:51:40
8349588379827196023,마쿤몰빵계/11/x,2025-08-13 23:51:40
8356178069797169196,without담낭/19,2025-08-13 23:51:40
8376080263119979617,숓튳츐/8/2배없음,2025-08-13 23:51:40
8398749383629773883,우다다당탕탕 19 ⁷⁷,2025-08-13 23:51:40
8406658500666002005,지      구/12/신,2025-08-13 23:51:40
8414951149447455943,롸끈마/17/배속,2025-08-13 23:51:40
8416850775080614482,신,2025-08-13 23:51:40
8422505759600889284,오크불멸기원/4,2025-08-13 23:51:40
8424727886207948616,예지보고싶다/16/x,2025-08-13 23:51:40
8427240092733970072,럭키랭원/15,2025-08-13 23:51:40
8427445529147010749,Rᴏᴍᴀ 짠 / 21 / 배속⭕️,2025-08-13 23:51:40
8438931430316992019,스타박서/15/2배O,2025-08-13 23:51:40
8444941518713706106,[𝑿]🌀🔥❄맹²³/[관리],2025-08-13 23:51:40
8448869766679766197,겜던질게용/15,2025-08-13 23:51:40
8453729651170615436,삼촌핑°/19/⏩️/⁷⁶⁶,2025-08-13 23:51:40
8491662130644249322,어려붜욬/12,2025-08-13 23:51:40
8496170627141051525,설탕몬/15/두배있음,2025-08-13 23:51:40
8497090745982419146,급식이2/10,2025-08-13 23:51:40
8503097910112366776,진짜윤태경/5,2025-08-13 23:51:40
8520441790709332347,니니누나486/12,2025-08-13 23:51:40
8532645030697645223,이름없음001/13,2025-08-13 23:51:40
8541596064440029987,동욱맨이나가신다/11,2025-08-13 23:51:40
8545529172570273703,여러마리/10,2025-08-13 23:51:40
8546021501657633496,ESILDER/16/2x/배치숙지,2025-08-13 23:51:40
8552725197322005400,18/사신승천/배속o,2025-08-13 23:51:40
8557678416085911038,그냥해줘/10,2025-08-13 23:51:40
8559047561008855766,소금쨩/17/x2,2025-08-13 23:51:40
8564576264535634501,고수96/12/x2,2025-08-13 23:51:40
8566849340621523748,정은메렁/17,2025-08-13 23:51:40
8571451872174252052,minlove/16,2025-08-13 23:51:40
8571874956787756352,게임꿀뱀18,2025-08-13 23:51:40
8582320213783345075,영이공주님 /8,2025-08-13 23:51:40
8591408510452369839,운빨접수/17,2025-08-13 23:51:40
8597223478458308022,주니러브/17/x2,2025-08-13 23:51:40
8598281408177629395,운빨복귀유저/18/2배속,2025-08-13 23:51:40
8602587920390255957,광친이/19/2배,2025-08-13 23:51:40
8616664231663906694,승우현수빵디에몽/9,2025-08-13 23:51:40
8619706740602503856,찌헤루/17,2025-08-13 23:51:40
8631254206514237031,하프앤하프/14랩/2배O,2025-08-13 23:51:40
8648323761836796577,🎖️주녕주녕2/24,2025-08-13 23:51:40
8648614937200592262,S24Ultra/17,2025-08-13 23:51:40
8653143130721093869,김유준0328/12,2025-08-13 23:51:40
8661907818486186624,윤쓰브로콜리/16,2025-08-13 23:51:40
8664520738071262011,ᴾᴿ¹ᴹ버스킹/21/⏩,2025-08-13 23:51:40
8691274107317629638,ᴾᴿ¹ᴹRuler²⁴,2025-08-13 23:51:40
8701058277581008644,팡이창고 13 1,2025-08-13 23:51:40
8717313449662385231,제이쏭/14,2025-08-13 23:51:40
8726204441842377087,폰우/14,2025-08-13 23:51:40
8737498810142655710,ᴺᵃᵐᵉᵈ율²³,2025-08-13 23:51:40
8741735308272305608,행복한가요/12,2025-08-13 23:51:40
8751559668837869892,리버풀구단주지민/13/배속x,2025-08-13 23:51:40
8760509757173254746,망똘이/15,2025-08-13 23:51:40
8779144090159347931,Nujabess/ 16 / 2배 O,2025-08-13 23:51:40
8780209692434895398,채빈채민아빠/19/금머행666/x2,2025-08-13 23:51:40
8780535387754004087,헤일리저승사자/13,2025-08-13 23:51:40
8795262364175229006,차정회/14,2025-08-13 23:51:40
8797765137867860770,서포터9 /10 /2배속 보유,2025-08-13 23:51:40
8798867630926776976,덩득덩득ㅋ/6랩/노배속,2025-08-13 23:51:40
8800611641331081225,풍자흠뻑쇼/12,2025-08-13 23:51:40
8806086702730774035,이찌아빠/16/x2,2025-08-13 23:51:40
8809053469556501620,ㅉ도/15/2배,2025-08-13 23:51:40
8811722967504880543,무친허민/13/2배o,2025-08-13 23:51:40
8816658599224354802,나야혜유니/19,2025-08-13 23:51:40
8822574796414724236,Juneha0602/15,2025-08-13 23:51:40
8825711860325274354,멋쟁이sw/14,2025-08-13 23:51:40
8827647500276727627,쭉쭉빵빵시영이/18/x2,2025-08-13 23:51:40
8829757495146738790,ᶠᴵᴳᴴᵀ할래말레 / 17 / 2배,2025-08-13 23:51:40
8830750121858114236,ㅎㅎ/11렙/배속2배,2025-08-13 23:51:40
8832785501141516280,Mamaも/13/x2,2025-08-13 23:51:40
8836099150408649038,못뚱년이담배까지펴/16,2025-08-13 23:51:40
8838266511496386669,망우동대장/9,2025-08-13 23:51:40
8838444054972977667,진호053  12렙 x2,2025-08-13 23:51:40
8839027432358293684,피카츄이잉/16/2배,2025-08-13 23:51:40
8839180319683312385,ᴹᴵᴺᴰ곤뇽/21/X,2025-08-13 23:51:40
8845104369378042892,불보고지/12/2배,2025-08-13 23:51:40
8874531407932385027,사신킹다이안/11/1배속,2025-08-13 23:51:40
8887170653240245995,OB맥주/19⁶⁵⁵/ x2,2025-08-13 23:51:40
8899546512147505651,닉넴할게없네/10,2025-08-13 23:51:40
8905486168695447239,Dº멍/24/×2,2025-08-13 23:51:40
8925073406987744008,경대1번 / 16,2025-08-13 23:51:40
8928457833968288397,니거땀/7lv,2025-08-13 23:51:40
8931564977167096470,엄어음/11레벨,2025-08-13 23:51:40
8938324187870190907,거거거걱거거걱/10,2025-08-13 23:51:40
8940321072567661004,해유 16. 2배,2025-08-13 23:51:40
8962195119941389776,EZ하고/16,2025-08-13 23:51:40
8976788275126785269,🎖민효둥이/20,2025-08-13 23:51:40
8977262213472396455,ᴼᵀᴸ초록ᗢ/17,2025-08-13 23:51:40
8987101982499783696,셓희 / 11 / ×1,2025-08-13 23:51:40
8993255100325861874,압도ᶞᵟ/21,2025-08-13 23:51:40
9010313480312952370,매운맛사나이/14,2025-08-13 23:51:40
9035090248803369571,타르타락/2렙,2025-08-13 23:51:40
9048013016419642759,좋은거주세요많이 17. 2x,2025-08-13 23:51:40
9056366655526377112,키키키무무무/15/1배,2025-08-13 23:51:40
9058681081687454595,도똥입니다만/12렙,2025-08-13 23:51:40
9061173968001575003,ᴺᵃᵐᵉᵈ탱글다희²⁴,2025-08-13 23:51:40
9062619417652558918,주현남자친구/16/x,2025-08-13 23:51:40
9063885601132921233,호날루리/10/배속x,2025-08-13 23:51:40
9064597445449867323,tukiyuki/19/x1,2025-08-13 23:51:40
9089494289563674618,킹갓monkey 13렙,2025-08-13 23:51:40
9095733594101140496,동규킹짱 / 12,2025-08-13 23:51:40
9096138684675413190,장어벙따/11,2025-08-13 23:51:40
9108159778942271882,잭호우/15,2025-08-13 23:51:40
9123571865823302192,영영룡영/16,2025-08-13 23:51:40
9129313237651722439,Rᴏᴍᴀ 쉬  / 21랩 / 배속❌,2025-08-13 23:51:40
9135469143800331030,초록영웅/18,2025-08-13 23:51:40
9142052910137541040,우람찡찡 11,2025-08-13 23:51:40
9148535814307057189,bowwow123/13/배속 x,2025-08-13 23:51:40
9150715410199428288,사람 /아니에바라고요/5렙,2025-08-13 23:51:40
9153284414254016095,king둘기/14,2025-08-13 23:51:40
9155443797893937905,ßhu/12/2배,2025-08-13 23:51:40
9167359020053749688,월루중인사람/15/x,2025-08-13 23:51:40
9171366723353443349,닉네임설정10트/14렙/배속x,2025-08-13 23:51:40
9196264121730067700,"권준혁준,13",2025-08-13 23:51:40
9215713088034550279,날아라두콩이/15,2025-08-13 23:51:40
9219957980725447177,ㆍPAPEㆍ/17,2025-08-13 23:51:40
